{
  "builder_name": "json",
  "citation": "@article{flickinger2000building,\n  title={On building a more efficient grammar by exploiting types},\n  author={Flickinger, Dan},\n  journal={Natural Language Engineering},\n  volume={6},\n  number={01},\n  pages={15--28},\n  year={2000},\n  publisher={Cambridge University Press}\n};@incollection{Flickinger:11,\n  author = {Flickinger, Dan},\n  title = {Accuracy v. Robustness in Grammar Engineering},\n  booktitle = {Language from a Cognitive Perspective: Grammar, Usage and Processing},\n  editor = {Bender, Emily M. and Arnold, Jennifer E.},\n  address = {Stanford, CA},\n  publisher = {CSLI Publications},\n  year = 2011,\n  pages = {31--50}\n}",
  "config_name": "default",
  "dataset_size": 26553328,
  "description": "The recommended TRAIN portion of the collection of manually verified treebanked data parsed by the English Recource Grammar, 2020 version.",
  "download_checksums": {
    "/tmp/tmp045aeva7": {
      "num_bytes": 41577113,
      "checksum": "a12469dcd371f3933c35710f960fbed2202255683770894d101d9a3530f36d19"
    }
  },
  "download_size": 41577113,
  "features": {
    "input_ids": {
      "feature": {
        "dtype": "int32",
        "_type": "Value"
      },
      "_type": "Sequence"
    },
    "token_type_ids": {
      "feature": {
        "dtype": "int8",
        "_type": "Value"
      },
      "_type": "Sequence"
    },
    "attention_mask": {
      "feature": {
        "dtype": "int8",
        "_type": "Value"
      },
      "_type": "Sequence"
    },
    "labels": {
      "feature": {
        "dtype": "int64",
        "_type": "Value"
      },
      "_type": "Sequence"
    }
  },
  "homepage": "https://github.com/delph-in/docs/wiki/ErgTop",
  "license": "MIT LICENSE",
  "size_in_bytes": 68130441,
  "splits": {
    "train": {
      "name": "train",
      "num_bytes": 26553328,
      "num_examples": 85485,
      "dataset_name": "json"
    }
  },
  "version": {
    "version_str": "0.0.0",
    "major": 0,
    "minor": 0,
    "patch": 0
  }
}